{"El Carme": 2904.5197740112994, "La Creu del Grau": 2091.2720588235293, "Sant Francesc": 3679.59940652819, "Tormos": 1511.15, "La Xerea": 3539.9385474860337, "Pere Cresp\u00ed": 769.1973684210526, "Sant Antoni": 1844.7407407407406, "Barrio de Favara": 1577.3478260869565, "Beniferri": 1920.0, "Sant Pau": 3116.8358974358976, "La Fontsanta": 1118.2297297297298, "Exposici\u00f3": 3452.26582278481, "Torrefiel": 1588.465, "Albuixarres": 694.0625, "Alquerieta": 405.82142857142856, "Mestalla": 2987.8470588235296, "Nou Moles": 1764.2186379928316, "Malilla": 2061.559585492228, "El Bot\u00e0nic": 2498.184, "Mercado": 1314.9411764705883, "Nou Campanar": 3177.777777777778, "Plaza El\u00edptica-Rep\u00fablica Argentina": 751.7016129032259, "El Cabanyal-El Canyamelar": 2270.2994011976048, "Na Rovella": 1470.423076923077, "Patraix": 1920.4736842105262, "Sants Patrons": 807.3181818181819, "Sant Isidre": 1557.472972972973, "Las Islas": 1582.0350877192982, "Gran V\u00eda": 3513.9887640449438, "Mont-Olivet": 2092.986046511628, "La Punta": 2024.0625, "La Roqueta": 2964.4166666666665, "La Creu Coberta": 1571.0, "El Calvari": 1674.2560975609756, "La Petxina": 2271.3405405405406, "El Pilar": 2595.54, "La Vila": 726.4571428571429, "La Llum": 1588.75, "La Seu": 3374.1125, "Centre": 896.2857142857143, "Marxalenes": 1838.1818181818182, "Pere Morell-Alborx\u00ed": 794.0, "Centro Hist\u00f3rico": 1094.3105263157895, "Ciutat Jard\u00ed": 2141.7872340425533, "Tulell": 1057.8840579710145, "El Grau": 2246.7837837837837, "Safranar": 2222.074074074074, "Cam\u00ed Reial": 1402.66, "Russafa": 2897.755154639175, "Les Tendetes": 1881.5714285714287, "L'Hort de Senabre": 1506.3526011560693, "Padre Jaime - Los Cabos": 1641.8666666666666, "En Corts": 1848.3451776649747, "Ciutat de les Arts i de les Ciencies": 2981.0493827160494, "La Vega Baixa": 1957.111111111111, "Fonteta de Sant Llu\u00ecs": 1507.5405405405406, "Penya-Roja": 3486.7080745341614, "L'Illa Perduda": 2037.1686746987953, "Els Orriols": 1212.954356846473, "El Pla del Remei": 3971.21484375, "Benicalap": 1624.5739795918366, "La Raiosa": 1731.530612244898, "Caputxins": 815.2173913043479, "Aiora": 1871.6898148148148, "Sant Lloren\u00e7": 2964.8115942028985, "El Mercat": 2899.165605095541, "Natzaret": 1281.3690476190477, "Sant Marcell\u00ed": 1440.55223880597, "Mare Nostrum - Mercado": 1449.24, "Nou Benicalap": 2403.574074074074, "Playa de la Malvarrosa": 1959.2293577981652, "Ciutat Fallera": 1248.702380952381, "Alquen\u00e8ncia-Ven\u00e8cia": 888.4670658682635, "L'Amistat": 1872.155172413793, "Vara de Quart": 1562.4545454545455, "Arrancapins": 2500.2875399361023, "Beter\u00f3": 2092.1403508771928, "Campanar": 2191.265306122449, "Cam\u00ed Fondo": 1889.485294117647, "Benimaclet": 2059.560344827586, "Albors": 2004.2589285714287, "Ciutat Universit\u00e0ria": 2681.6451612903224, "null": 1234.7793994073681, "Trinitat": 2396.9655172413795, "La Carrasca": 2641.28, "Cam\u00ed de Vera": 1813.8775510204082, "Corea": 915.2284263959391, "Soternes": 1782.5342465753424, "Tres Forques": 1258.3619047619047, "Morvedre": 1928.353982300885, "Jaume Roig": 2609.972222222222}