{"Torrefiel": 1591.3606965174129, "Benimaclet": 2059.560344827586, "La Seu": 3374.1125, "null": 1237.240738305055, "Padre Jaime - Los Cabos": 1705.9375, "Beter\u00f3": 2092.1403508771928, "Ciutat de les Arts i de les Ciencies": 2981.0493827160494, "Corea": 920.3517587939698, "Ciutat Universit\u00e0ria": 2681.6451612903224, "Playa de la Malvarrosa": 1959.2293577981652, "Ciutat Fallera": 1248.702380952381, "Na Rovella": 1470.423076923077, "Alquen\u00e8ncia-Ven\u00e8cia": 885.7988165680473, "Malilla": 2068.4461538461537, "Caputxins": 815.2173913043479, "Campanar": 2192.1111111111113, "Tres Forques": 1255.6822429906542, "Arrancapins": 2501.796825396825, "Soternes": 1782.5342465753424, "Barrio de Favara": 1577.3478260869565, "Jaume Roig": 2609.972222222222, "L'Illa Perduda": 2037.1686746987953, "Vara de Quart": 1562.4545454545455, "El Pla del Remei": 3971.0739299610896, "La Raiosa": 1729.8477157360405, "Cam\u00ed Fondo": 1889.485294117647, "L'Amistat": 1872.155172413793, "Els Orriols": 1212.954356846473, "Natzaret": 1289.6117647058823, "La Vega Baixa": 1957.111111111111, "Albors": 2004.2589285714287, "El Mercat": 2902.8164556962024, "Trinitat": 2396.9655172413795, "L'Hort de Senabre": 1506.3526011560693, "Morvedre": 1928.353982300885, "Sant Marcell\u00ed": 1440.55223880597, "En Corts": 1848.3451776649747, "Centre": 888.7674418604652, "Tulell": 1057.8840579710145, "Mare Nostrum - Mercado": 1434.076923076923, "Aiora": 1871.6898148148148, "Penya-Roja": 3500.873493975904, "Fonteta de Sant Llu\u00ecs": 1507.5405405405406, "Benicalap": 1632.1518987341772, "Cam\u00ed de Vera": 1813.8775510204082, "Pere Morell-Alborx\u00ed": 794.0, "Sant Francesc": 3699.643059490085, "Ciutat Jard\u00ed": 2149.943661971831, "Sant Pau": 3136.263959390863, "Exposici\u00f3": 3452.26582278481, "Russafa": 2910.894472361809, "Las Islas": 1582.0350877192982, "Mestalla": 3006.3488372093025, "Mercado": 1314.9411764705883, "Cam\u00ed Reial": 1402.66, "Plaza El\u00edptica-Rep\u00fablica Argentina": 752.932, "Sants Patrons": 807.3181818181819, "Gran V\u00eda": 3520.1899441340784, "Patraix": 1924.2576419213974, "Sant Lloren\u00e7": 2964.8115942028985, "Mont-Olivet": 2091.759259259259, "Centro Hist\u00f3rico": 1094.3105263157895, "Nou Moles": 1764.225, "La Petxina": 2271.3405405405406, "Sant Isidre": 1557.472972972973, "La Creu Coberta": 1571.0, "Nou Benicalap": 2403.574074074074, "El Calvari": 1674.2560975609756, "Marxalenes": 1838.1818181818182, "La Vila": 726.4571428571429, "La Punta": 2045.0, "Sant Antoni": 1844.7407407407406, "Alquerieta": 483.6551724137931, "El Pilar": 2603.7128712871286, "Beniferri": 1920.0, "Albuixarres": 710.4285714285714, "El Bot\u00e0nic": 2499.3650793650795, "La Roqueta": 2958.9529411764706, "Nou Campanar": 3177.777777777778, "Les Tendetes": 1881.5714285714287, "Tormos": 1511.15, "La Xerea": 3543.685082872928, "La Llum": 1613.4905660377358, "La Creu del Grau": 2112.956834532374, "El Grau": 2260.898395721925, "El Carme": 2918.303370786517, "El Cabanyal-El Canyamelar": 2270.2994011976048, "Pere Cresp\u00ed": 771.0519480519481, "La Carrasca": 2641.28, "Safranar": 2222.074074074074, "La Fontsanta": 1127.32}