{"Sant Francesc": 3698.6363636363635, "Fonteta de Sant Llu\u00ecs": 1507.5405405405406, "Cam\u00ed de Vera": 1813.8775510204082, "Pere Morell-Alborx\u00ed": 794.0, "Russafa": 2910.1738035264484, "Cam\u00ed Reial": 1402.66, "Ciutat Jard\u00ed": 2149.943661971831, "Sant Pau": 3136.263959390863, "Las Islas": 1582.0350877192982, "Exposici\u00f3": 3452.26582278481, "Sant Lloren\u00e7": 2964.8115942028985, "Gran V\u00eda": 3520.1899441340784, "Mont-Olivet": 2092.986046511628, "Sant Isidre": 1557.472972972973, "Mestalla": 3006.3488372093025, "Mercado": 1314.9411764705883, "Patraix": 1924.2576419213974, "Plaza El\u00edptica-Rep\u00fablica Argentina": 752.932, "Sants Patrons": 807.3181818181819, "Centro Hist\u00f3rico": 1094.3105263157895, "Nou Benicalap": 2403.574074074074, "El Calvari": 1674.2560975609756, "La Creu Coberta": 1571.0, "Marxalenes": 1838.1818181818182, "Nou Moles": 1764.225, "La Petxina": 2271.3405405405406, "Alquerieta": 405.82142857142856, "El Pilar": 2603.7128712871286, "Les Tendetes": 1881.5714285714287, "Beniferri": 1920.0, "La Vila": 726.4571428571429, "La Punta": 2045.0, "Sant Antoni": 1844.7407407407406, "Albuixarres": 710.4285714285714, "La Xerea": 3543.685082872928, "La Llum": 1613.4905660377358, "Tormos": 1511.15, "El Bot\u00e0nic": 2499.3650793650795, "La Creu del Grau": 2112.956834532374, "La Roqueta": 2958.9529411764706, "Nou Campanar": 3177.777777777778, "Pere Cresp\u00ed": 771.0519480519481, "La Carrasca": 2641.28, "El Grau": 2260.898395721925, "El Carme": 2918.303370786517, "El Cabanyal-El Canyamelar": 2270.2994011976048, "Safranar": 2222.074074074074, "La Fontsanta": 1127.32, "Torrefiel": 1591.3606965174129, "La Seu": 3374.1125, "Padre Jaime - Los Cabos": 1705.9375, "Beter\u00f3": 2092.1403508771928, "Benimaclet": 2059.560344827586, "null": 1237.6662714097497, "Ciutat Universit\u00e0ria": 2681.6451612903224, "Playa de la Malvarrosa": 1959.2293577981652, "Ciutat Fallera": 1248.702380952381, "Ciutat de les Arts i de les Ciencies": 2981.0493827160494, "Corea": 920.3517587939698, "Malilla": 2068.4461538461537, "Na Rovella": 1470.423076923077, "Alquen\u00e8ncia-Ven\u00e8cia": 888.4670658682635, "Tres Forques": 1258.3619047619047, "Arrancapins": 2501.796825396825, "Barrio de Favara": 1577.3478260869565, "Jaume Roig": 2609.972222222222, "Caputxins": 815.2173913043479, "Campanar": 2192.1111111111113, "Soternes": 1782.5342465753424, "La Raiosa": 1731.530612244898, "L'Illa Perduda": 2037.1686746987953, "Vara de Quart": 1562.4545454545455, "El Pla del Remei": 3971.0739299610896, "La Vega Baixa": 1957.111111111111, "El Mercat": 2902.8164556962024, "Cam\u00ed Fondo": 1889.485294117647, "L'Amistat": 1872.155172413793, "Els Orriols": 1212.954356846473, "Natzaret": 1289.6117647058823, "Sant Marcell\u00ed": 1440.55223880597, "En Corts": 1848.3451776649747, "Albors": 2004.2589285714287, "Tulell": 1057.8840579710145, "Centre": 888.7674418604652, "Trinitat": 2396.9655172413795, "L'Hort de Senabre": 1506.3526011560693, "Morvedre": 1928.353982300885, "Benicalap": 1632.5228426395938, "Mare Nostrum - Mercado": 1449.24, "Aiora": 1871.6898148148148, "Penya-Roja": 3500.873493975904}