{"Playa de la Malvarrosa": 1959.2293577981652, "Safranar": 2222.074074074074, "La Seu": 3374.1125, "Penya-Roja": 3471.0625, "Sant Marcell\u00ed": 1440.55223880597, "Tulell": 1057.8840579710145, "Pere Cresp\u00ed": 769.1973684210526, "Centre": 896.2857142857143, "Torrefiel": 1581.3316455696202, "L'Hort de Senabre": 1506.3526011560693, "El Cabanyal-El Canyamelar": 2270.2994011976048, "La Creu del Grau": 2084.8814814814814, "El Grau": 2247.6284153005463, "Tormos": 1513.919191919192, "La Llum": 1588.75, "El Mercat": 2888.7548387096776, "El Bot\u00e0nic": 2498.184, "Mare Nostrum - Mercado": 1449.24, "Alquerieta": 405.82142857142856, "La Vila": 726.4571428571429, "La Punta": 2024.0625, "La Roqueta": 2964.4166666666665, "Na Rovella": 1470.423076923077, "Benimaclet": 2036.2782608695652, "Barrio de Favara": 1577.3478260869565, "La Creu Coberta": 1571.0, "Arrancapins": 2500.2875399361023, "Marxalenes": 1838.1818181818182, "Mont-Olivet": 2092.986046511628, "Mestalla": 2987.8470588235296, "Patraix": 1911.0616740088105, "Plaza El\u00edptica-Rep\u00fablica Argentina": 751.7016129032259, "Sant Isidre": 1557.472972972973, "Alquen\u00e8ncia-Ven\u00e8cia": 888.4670658682635, "Ciutat Fallera": 1248.702380952381, "Malilla": 2061.559585492228, "Cam\u00ed Reial": 1402.66, "Las Islas": 1582.0350877192982, "Centro Hist\u00f3rico": 1094.3105263157895, "Corea": 915.2284263959391, "Sant Pau": 3110.7525773195875, "Ciutat Jard\u00ed": 2141.7872340425533, "Mercado": 1314.9411764705883, "Ciutat Universit\u00e0ria": 2681.6451612903224, "Beter\u00f3": 2092.1403508771928, "Exposici\u00f3": 3452.26582278481, "Sant Francesc": 3665.194610778443, "Pere Morell-Alborx\u00ed": 794.0, "Benicalap": 1622.9820512820513, "La Fontsanta": 1118.2297297297298, "Cam\u00ed de Vera": 1813.8775510204082, "Aiora": 1871.6898148148148, "Fonteta de Sant Llu\u00ecs": 1507.5405405405406, "La Carrasca": 2641.28, "En Corts": 1848.3451776649747, "Morvedre": 1928.353982300885, "Trinitat": 2396.9655172413795, "El Carme": 2902.840909090909, "La Vega Baixa": 1957.111111111111, "La Xerea": 3539.9385474860337, "L'Illa Perduda": 2037.1686746987953, "L'Amistat": 1872.155172413793, "Els Orriols": 1212.954356846473, "El Pla del Remei": 3975.0235294117647, "Natzaret": 1264.6746987951808, "La Raiosa": 1731.530612244898, "Nou Moles": 1764.2186379928316, "Cam\u00ed Fondo": 1889.485294117647, "Beniferri": 1920.0, "Albors": 2004.2589285714287, "Sant Antoni": 1844.7407407407406, "Albuixarres": 694.0625, "Vara de Quart": 1562.4545454545455, "Les Tendetes": 1881.5714285714287, "Nou Campanar": 3167.9714285714285, "Tres Forques": 1258.3619047619047, "Nou Benicalap": 2400.7943925233644, "El Calvari": 1674.2560975609756, "Campanar": 2191.265306122449, "La Petxina": 2271.3405405405406, "El Pilar": 2595.54, "Gran V\u00eda": 3513.9887640449438, "Soternes": 1782.5342465753424, "Jaume Roig": 2609.972222222222, "Sant Lloren\u00e7": 2964.8115942028985, "Sants Patrons": 807.3181818181819, "Caputxins": 815.2173913043479, "Russafa": 2897.755154639175, "Ciutat de les Arts i de les Ciencies": 2981.0493827160494, "Padre Jaime - Los Cabos": 1641.8666666666666, "null": 1234.1336817859674}