{"Benimaclet": 2059.560344827586, "Albuixarres": 694.0625, "Ciutat Universit\u00e0ria": 2681.6451612903224, "Torrefiel": 1591.3606965174129, "Nou Moles": 1764.2186379928316, "Malilla": 2068.4461538461537, "Mestalla": 3006.3488372093025, "Alquerieta": 405.82142857142856, "Mercado": 1314.9411764705883, "El Bot\u00e0nic": 2499.3650793650795, "Nou Campanar": 3177.777777777778, "Na Rovella": 1470.423076923077, "El Cabanyal-El Canyamelar": 2270.2994011976048, "Plaza El\u00edptica-Rep\u00fablica Argentina": 753.2088353413654, "Tormos": 1511.15, "La Xerea": 3539.9385474860337, "Sant Antoni": 1844.7407407407406, "La Creu del Grau": 2099.2773722627735, "Sant Francesc": 3680.1356932153394, "Pere Cresp\u00ed": 769.1973684210526, "Exposici\u00f3": 3452.26582278481, "La Fontsanta": 1118.2297297297298, "Sant Pau": 3136.263959390863, "Beniferri": 1920.0, "La Seu": 3374.1125, "Pere Morell-Alborx\u00ed": 794.0, "Centro Hist\u00f3rico": 1094.3105263157895, "Marxalenes": 1838.1818181818182, "Centre": 896.2857142857143, "Tulell": 1057.8840579710145, "Ciutat Jard\u00ed": 2141.7872340425533, "Russafa": 2896.394871794872, "Cam\u00ed Reial": 1402.66, "El Grau": 2246.7837837837837, "Sant Isidre": 1557.472972972973, "Sants Patrons": 807.3181818181819, "Patraix": 1920.4736842105262, "Las Islas": 1582.0350877192982, "Safranar": 2222.074074074074, "Les Tendetes": 1881.5714285714287, "Gran V\u00eda": 3513.9887640449438, "Mont-Olivet": 2092.986046511628, "La Punta": 2045.0, "La Petxina": 2271.3405405405406, "El Calvari": 1674.2560975609756, "La Creu Coberta": 1571.0, "La Llum": 1588.75, "El Pilar": 2595.54, "La Vila": 726.4571428571429, "La Roqueta": 2964.4166666666665, "Benicalap": 1630.9770992366412, "Aiora": 1871.6898148148148, "Caputxins": 815.2173913043479, "La Raiosa": 1731.530612244898, "Sant Lloren\u00e7": 2964.8115942028985, "El Mercat": 2899.165605095541, "Sant Marcell\u00ed": 1440.55223880597, "Nou Benicalap": 2403.574074074074, "Mare Nostrum - Mercado": 1449.24, "Natzaret": 1281.3690476190477, "Ciutat de les Arts i de les Ciencies": 2981.0493827160494, "Padre Jaime - Los Cabos": 1705.9375, "L'Hort de Senabre": 1506.3526011560693, "Penya-Roja": 3494.1524390243903, "En Corts": 1848.3451776649747, "Fonteta de Sant Llu\u00ecs": 1507.5405405405406, "La Vega Baixa": 1957.111111111111, "El Pla del Remei": 3971.0739299610896, "Els Orriols": 1212.954356846473, "L'Illa Perduda": 2037.1686746987953, "null": 1235.9278941565601, "Trinitat": 2396.9655172413795, "Corea": 915.2284263959391, "Soternes": 1782.5342465753424, "La Carrasca": 2641.28, "El Carme": 2918.303370786517, "Barrio de Favara": 1577.3478260869565, "Morvedre": 1928.353982300885, "Tres Forques": 1258.3619047619047, "Ciutat Fallera": 1248.702380952381, "Alquen\u00e8ncia-Ven\u00e8cia": 888.4670658682635, "Playa de la Malvarrosa": 1959.2293577981652, "Vara de Quart": 1562.4545454545455, "Cam\u00ed de Vera": 1813.8775510204082, "Jaume Roig": 2609.972222222222, "L'Amistat": 1872.155172413793, "Albors": 2004.2589285714287, "Campanar": 2191.265306122449, "Beter\u00f3": 2092.1403508771928, "Arrancapins": 2500.2875399361023, "Cam\u00ed Fondo": 1889.485294117647}